INSERT INTO movie(id, name,	release_date, restriction, duration, world_box,	budget,	site, description, poster)
		VALUES (1, 'Я - легенда', TO_DATE('05-12-2007', 'DD-MM-YYYY'), 16, 96, 585349010, 150000000, 'http://www.kinopoisk.ru/film/195524/', 'Адаптация одноименного романа Ричарда Мэтисона о неизвестном вирусе, унесшем жизни половины населения земного шара, а остальную половину превратившего в вампиров. Сюжет строится вокруг единственного уцелевшего человека с необъяснимым иммунитетом, ночами держащего бесконечную осаду упырей, а днем пытающегося найти противоядие и выяснить причины эпидемии.', 'http://www.kinopoisk.ru/images/film_big/195524.jpg');
INSERT INTO movie(id, name,	release_date, restriction, duration, world_box,	budget,	site, description, poster)
		VALUES (2, 'Джанго освобожденный', TO_DATE('25-12-2012', 'DD-MM-YYYY'), 16, 165, 424983399, 100000000, 'http://www.kinopoisk.ru/film/586397/', 'Эксцентричный охотник за головами, также известный как «Дантист», промышляет отстрелом самых опасных преступников. Работенка пыльная, и без надежного помощника ему не обойтись. Но как найти такого и желательно не очень дорогого? Беглый раб по имени Джанго — прекрасная кандидатура. Правда, у нового помощника свои мотивы — кое с чем надо разобраться…', 'http://www.kinopoisk.ru/images/film_big/586397.jpg');	
INSERT INTO movie(id, name,	release_date, restriction, duration, world_box,	budget,	site, description, poster)
		VALUES (3, 'Волк с Уолл-Стрит', TO_DATE('17-12-2013', 'DD-MM-YYYY'), 18, 180, 338394929, 100000000, 'http://www.kinopoisk.ru/film/462682/', 'Джордан Белфорт основал одну из крупнейших брокерских контор в 1987 году, но десять лет спустя был осужден за отмывание денег и ряд прочих финансовых преступлений. Он справился с алкогольной и наркотической зависимостью, выработанной за время махинаций на Уолл-стрит, написал две книги и теперь читает лекции о том, как достичь успеха.', 'http://www.kinopoisk.ru/images/film_big/462682.jpg');
INSERT INTO movie(id, name,	release_date, restriction, duration, world_box,	budget,	site, description, poster)
		VALUES (4, 'После нашей эры', TO_DATE('01-05-2013', 'DD-MM-YYYY'), 12, 100, 245055287, 130000000, 'http://www.kinopoisk.ru/film/577285/', 'События разворачиваются через тысячу лет после катастрофы, вынудившей человечество покинуть Землю. Новым домом становится планета под названием Нова Прайм. Легендарный генерал Сайфер Рейдж возвращается с очередного боевого задания в семью, которая раньше обходилась без его родительского внимания, чтобы стать отцом своему 13-летнему сыну Китаю. Во время астероидной бури летательный аппарат с папой и сыном на борту терпит крушение, падая на незнакомую и опасную Землю. И пока Рейдж-старший на последнем дыхании лежит среди обломков своего корабля, сын должен пересечь враждебный ландшафт, чтобы запустить их спасательный маячок. Ни о чем большем юноша в своей жизни не мечтал: быть солдатом, как отец, — его заветное желание. Сегодня у него есть шанс проявить себя.', 'http://www.kinopoisk.ru/images/film_big/577285.jpg');
INSERT INTO movie(id, name,	release_date, restriction, duration, world_box,	budget,	site, description, poster)
		VALUES (5, 'Титаник', TO_DATE('01-11-1997', 'DD-MM-YYYY'), 12, 194, 2185372302, 200000000, 'http://www.kinopoisk.ru/film/2213/', 'Молодые влюбленные Джек и Роза находят друг друга в первом и последнем плавании «непотопляемого» Титаника. Они не могли знать, что шикарный лайнер столкнется с айсбергом в холодных водах Северной Атлантики, и их страстная любовь превратится в схватку со смертью…', 'http://www.kinopoisk.ru/images/film_big/2213.jpg');
INSERT INTO movie(id, name,	release_date, restriction, duration, world_box,	budget,	site, description, poster)
		VALUES (6, 'Начало', TO_DATE('08-07-2010', 'DD-MM-YYYY'), 12, 148, 825531030, 160000000, 'http://www.kinopoisk.ru/film/447301/', 'Кобб — талантливый вор, лучший из лучших в опасном искусстве извлечения: он крадет ценные секреты из глубин подсознания во время сна, когда человеческий разум наиболее уязвим. Редкие способности Кобба сделали его ценным игроком в привычном к предательству мире промышленного шпионажа, но они же превратили его в извечного беглеца и лишили всего, что он когда-либо любил. И вот у Кобба появляется шанс исправить ошибки. Его последнее дело может вернуть все назад, но для этого ему нужно совершить невозможное — инициацию. Вместо идеальной кражи Кобб и его команда спецов должны будут провернуть обратное. Теперь их задача — не украсть идею, а внедрить ее. Если у них получится, это и станет идеальным преступлением. Но никакое планирование или мастерство не могут подготовить команду к встрече с опасным противником, который, кажется, предугадывает каждый их ход. Врагом, увидеть которого мог бы лишь Кобб.', 'http://www.kinopoisk.ru/images/film_big/447301.jpg');
INSERT INTO movie(id, name,	release_date, restriction, duration, world_box,	budget,	site, description, poster)
		VALUES (7, 'Поймай меня, если сможешь', TO_DATE('16-12-2002', 'DD-MM-YYYY'), 12, 141, 352114312, 52000000, 'http://www.kinopoisk.ru/film/324/', 'Фрэнк Эбегнейл успел поработать врачом, адвокатом и пилотом на пассажирской авиалинии — и все это до достижения полного совершеннолетия в 21 год. Мастер в обмане и жульничестве, он также обладал искусством подделки документов, что в конечном счете принесло ему миллионы долларов, которые он получил по фальшивым чекам.Агент ФБР Карл Хэнрэтти отдал бы все, чтобы схватить Фрэнка и привлечь к ответственности за свои деяния, но Фрэнк всегда опережает его на шаг, заставляя продолжать погоню.', 'http://www.kinopoisk.ru/images/film_big/324.jpg');
INSERT INTO movie(id, name,	release_date, restriction, duration, world_box,	budget,	site, description, poster)
		VALUES (8, 'Отступники', TO_DATE('26-09-2006', 'DD-MM-YYYY'), 16, 151, 289847254, 90000000, 'http://www.kinopoisk.ru/film/81314/', 'Два лучших выпускника полицейской академии оказались по разные стороны баррикады: один из них — агент мафии в рядах правоохранительных органов, другой — «крот», внедрённый в мафию. Каждый считает своим долгом обнаружить и уничтожить противника, но постоянная жизнь в искажённых реалиях меняет внутренний мир героев.', 'http://www.kinopoisk.ru/images/film_big/81314.jpg');
INSERT INTO movie(id, name,	release_date, restriction, duration, world_box,	budget,	site, description, poster)
		VALUES (9, 'Совокупность лжи', TO_DATE('05-10-2008', 'DD-MM-YYYY'), 16, 128, 115097286, 70000000, 'http://www.kinopoisk.ru/film/281449/', 'ЦРУ охотится на руководителя серии террористических атак. Роджер Феррис является агентом национальной разведки, он перемещается по всему свету, пытаясь предотвратить любые нежелательные события. Око в небе, спутник, наблюдает за ним. На другом конце этой связи ветеран ЦРУ Эд Хоффман, который отслеживает события издалека. Чем ближе подбирается Феррис к своей цели, тем явственнее понимает, что доверие — это одновременно и опасная штука, и то единственное, что позволит ему остаться в живых.', 'http://www.kinopoisk.ru/images/film_big/281449.jpg');
INSERT INTO movie(id, name,	release_date, restriction, duration, world_box,	budget,	site, description, poster)
		VALUES (10, 'Остров проклятых', TO_DATE('13-02-2010', 'DD-MM-YYYY'), 18, 132, 294804195, 80000000, 'http://www.kinopoisk.ru/film/397667/', 'Два американских судебных пристава отправляются на один из островов в штате Массачусетс, чтобы расследовать исчезновение пациентки клиники для умалишенных преступников. При проведении расследования им придется столкнуться с паутиной лжи, обрушившимся ураганом и смертельным бунтом обитателей клиники.', 'http://www.kinopoisk.ru/images/film_big/397667.jpg');
INSERT INTO movie(id, name,	release_date, restriction, duration, world_box,	budget,	site, description, poster)
		VALUES (11, 'Хенкок', TO_DATE('16-06-2008', 'DD-MM-YYYY'), 16, 88, 624386746, 150000000, 'http://www.kinopoisk.ru/film/102151/', 'Есть герои, есть супергерои, и есть Хэнкок. Обладание сверхспособностями предполагает ответственность, все знают это — кроме него. За любую задачу он берётся с душой и лучшими намерениями, спасает жизни людей — ценой нечеловеческих разрушений и неисчислимого ущерба. В конце концов, терпение общественности подходит к концу: люди благодарны своему местному герою, но иногда не понимают, чем заслужили такое наказание.Хэнкок не из тех парней, кого волнует какое-то там общественное мнение, но однажды, после очередного подвига, спасая высокопоставленного пиарщика Рэя, он вдруг понимает, что в некотором смысле он может быть уязвим. С этим трудно смириться, особенно по мнению Мэри, жены Рэя, считающей, что Хэнкок попросту безнадежен.', 'http://www.kinopoisk.ru/images/film_big/102151.jpg');
INSERT INTO movie(id, name,	release_date, restriction, duration, world_box,	budget,	site, description, poster)
		VALUES (12, 'День независимости', TO_DATE('25-06-1996', 'DD-MM-YYYY'), 12, 145, 816969268, 75000000, 'http://www.kinopoisk.ru/film/2022/', 'На Земле принимается сигнал, посланный источником явно неземного происхождения. Источник этот приближается, и на «уши» поднимается вся планета. Никто, правда, не ожидал, что инопланетяне окажутся такими огромными и в таком количестве.', 'http://www.kinopoisk.ru/images/film_big/2022.jpg');
INSERT INTO movie(id, name,	release_date, restriction, duration, world_box,	budget,	site, description, poster)
		VALUES (13, 'Люди в черном', TO_DATE('02-07-1997', 'DD-MM-YYYY'), 12, 98, 589390539, 90000000, 'http://www.kinopoisk.ru/film/1091/', 'Они — самый большой секрет Земли. Они работают на неофициальное правительственное агентство, регулирующее деятельность инопланетян на Земле.Они — это лучшая, последняя и единственная линия защиты Земли от отбросов вселенной. Их работа секретна, их оружие совершенно, им нет равных, они не оставляют следов. Они — это Люди в черном.', 'http://www.kinopoisk.ru/images/film_big/1091.jpg');
INSERT INTO movie(id, name,	release_date, restriction, duration, world_box,	budget,	site, description, poster)
		VALUES (14, 'Люди в черном 2', TO_DATE('03-07-2002', 'DD-MM-YYYY'), 16, 88, 441818803, 140000000, 'http://www.kinopoisk.ru/film/6379/', '«Люди в черном 2» продолжает рассказ о приключениях двух элитных полицейских — агента Кея и агента Джея среди инопланетян. Со времени их предыдущих похождений прошло четыре года.Все эти годы агент Кей вел размеренный образ жизни, в то время как агент Джей продолжал бесстрашно трудиться в рядах самой секретной организации в мире. Расследуя самое обычное дело, агент Джей натыкается на следы дьявольски изощренного заговора, задуманного Серлиной, злобным монстром, обитающим на Земле в образе сексуальнейшей модели.Когда события принимают угрожающий оборот, агенту Джею приходится обратиться за помощью к своему бывшему напарнику, который мирно трудится в Почтовом Департаменте. За короткое время агенту Джею надо убедить агента Кея помочь ему — ведь только он может помочь спасти Землю от порабощения и уничтожения.', 'http://www.kinopoisk.ru/images/film_big/6379.jpg');
INSERT INTO movie(id, name,	release_date, restriction, duration, world_box,	budget,	site, description, poster)
		VALUES (15, 'Люди в черном 3', TO_DATE('14-05-2012', 'DD-MM-YYYY'), 12, 106, 624026776, 225000000, 'http://www.kinopoisk.ru/film/455773/', 'Агент Джей узнает, что никакого защитного галактического щита, способного отразить иноземный удар, не существует. Агент Кей не построил его, потому что был убит в 1969 году. Агент Джей должен совершить путешествие во времени, чтобы спасти Землю и жизнь напарника.', 'http://www.kinopoisk.ru/images/film_big/455773.jpg');
INSERT INTO movie(id, name,	release_date, restriction, duration, world_box,	budget,	site, description, poster)
		VALUES (16, 'Семь жизней', TO_DATE('19-12-2008', 'DD-MM-YYYY'), 16, 118, 168168201, 55000000, 'http://www.kinopoisk.ru/film/395787/', 'Инженер Тим отправляется в необычное путешествие в искупление фатального поступка своей жизни. В ходе своей поездки он встречает семерых незнакомцев, включая смертельно больную Эмили, которая называет себя девушкой с подбитыми крыльями. Тим неожиданно влюбляется в нее, что сильно усложняет его первоначальный план. Сможет ли он разгадать послание судьбы?', 'http://www.kinopoisk.ru/images/film_big/395787.jpg');
		
INSERT INTO country(id, name)
		VALUES(1, 'США');
INSERT INTO country(id, name)
		VALUES(2, 'Канада');
INSERT INTO country(id, name)
		VALUES(3, 'Италия');
INSERT INTO country(id, name)
		VALUES(4, 'Германия');
INSERT INTO country(id, name)
		VALUES(5, 'Австрия');
INSERT INTO country(id, name)
		VALUES(6, 'Индия');
INSERT INTO country(id, name)
		VALUES(7, 'Великобритания');
INSERT INTO country(id, name)
		VALUES(8, 'Южная африка');
INSERT INTO country(id, name)
		VALUES(9, 'Бразилия');
INSERT INTO country(id, name)
		VALUES(10, 'Новая зеландия');
INSERT INTO country(id, name)
		VALUES(11, 'Гонконг');
		
INSERT INTO director(id, name, birth_date, photo, birth_country)
		VALUES(1, 'Мартин Скорсезе', TO_DATE('17-11-1942', 'DD-MM-YYYY'), 'http://st-im.kinopoisk.ru/im/kadr/2/3/1/kinopoisk.ru-Martin-Scorsese-2311346.jpg', 1);	
INSERT INTO director(id, name, birth_date, birth_country, photo)
		VALUES(2, 'Квентин Тарантино', TO_DATE('27-03-1963', 'DD-MM-YYYY'), 1, 'http://st.kp.yandex.net/images/actor_iphone/iphone360_7640.jpg');
INSERT INTO director(id, name, birth_date, birth_country, photo)
		VALUES(3, 'Барри Зонненфельд', TO_DATE('01-04-1953', 'DD-MM-YYYY'), 1, 'http://st.kp.yandex.net/images/actor_iphone/iphone360_8621.jpg');
INSERT INTO director(id, name, birth_date, birth_country, photo)
		VALUES(4, 'Джеймс Кэмерон', TO_DATE('16-08-1954', 'DD-MM-YYYY'), 2, 'http://st.kp.yandex.net/images/actor_iphone/iphone360_27977.jpg');
INSERT INTO director(id, name, birth_date, birth_country, photo)
		VALUES(5, 'Габриэле Муччино', TO_DATE('20-05-1967', 'DD-MM-YYYY'), 3, 'http://st.kp.yandex.net/images/actor_iphone/iphone360_224998.jpg');
INSERT INTO director(id, name, birth_date, birth_country, photo)
		VALUES(6, 'Роланд Эммерих', TO_DATE('10-11-1955', 'DD-MM-YYYY'), 4, 'http://st.kp.yandex.net/images/actor_iphone/iphone360_7403.jpg');
INSERT INTO director(id, name, birth_date, birth_country, photo)
		VALUES(7, 'Френсис Лоуренс', TO_DATE('26-03-1971', 'DD-MM-YYYY'), 5, 'http://st.kp.yandex.net/images/actor_iphone/iphone360_223381.jpg');
INSERT INTO director(id, name, birth_date, birth_country, photo)
		VALUES(8, 'М. Найт Шьямалан', TO_DATE('06-08-1970', 'DD-MM-YYYY'), 6, 'http://st.kp.yandex.net/images/actor_iphone/iphone360_20366.jpg');
INSERT INTO director(id, name, birth_date, birth_country, photo)
		VALUES(9, 'Кристофер Нолан', TO_DATE('30-07-1970', 'DD-MM-YYYY'), 7, 'http://st.kp.yandex.net/images/actor_iphone/iphone360_41477.jpg');
INSERT INTO director(id, name, birth_date, birth_country, photo)
		VALUES(10, 'Стивен Спилберг', TO_DATE('18-12-1946', 'DD-MM-YYYY'), 1, 'http://st.kp.yandex.net/images/actor_iphone/iphone360_22260.jpg');
INSERT INTO director(id, name, birth_date, birth_country, photo)
		VALUES(11, 'Ридли Скотт', TO_DATE('30-11-1937', 'DD-MM-YYYY'), 7, 'http://st.kp.yandex.net/images/actor_iphone/iphone360_10015.jpg');
INSERT INTO director(id, name, birth_date, birth_country, photo)
		VALUES(12, 'Питер Берг', TO_DATE('11-03-1964', 'DD-MM-YYYY'), 1, 'http://st.kp.yandex.net/images/actor_iphone/iphone360_31966.jpg');
		
INSERT INTO actor(id, name, birth_date, birth_country, photo)
		VALUES(1, 'Уилл Смит', TO_DATE('25-09-1968', 'DD-MM-YYYY'), 1, 'http://st.kp.yandex.net/images/actor_iphone/iphone360_513.jpg');
INSERT INTO actor(id, name, birth_date, birth_country, photo)
		VALUES(2, 'Шарлиз Терон', TO_DATE('07-08-1975', 'DD-MM-YYYY'), 8, 'http://st.kp.yandex.net/images/actor_iphone/iphone360_730.jpg');
INSERT INTO actor(id, name, birth_date, birth_country, photo)
		VALUES(3, 'Алиси Брага', TO_DATE('15-04-1983', 'DD-MM-YYYY'), 9, 'http://st.kp.yandex.net/images/actor_iphone/iphone360_40589.jpg');
INSERT INTO actor(id, name, birth_date, birth_country, photo)
		VALUES(4, 'Джейми Фокс', TO_DATE('13-12-1967', 'DD-MM-YYYY'), 1, 'http://st.kp.yandex.net/images/actor_iphone/iphone360_514.jpg');
INSERT INTO actor(id, name, birth_date, birth_country, photo)
		VALUES(5, 'Леонардо ДиКаприо', TO_DATE('11-11-1974', 'DD-MM-YYYY'), 1, 'http://st.kp.yandex.net/images/actor_iphone/iphone360_37859.jpg');
INSERT INTO actor(id, name, birth_date, birth_country, photo)
		VALUES(6, 'Джона Хилл', TO_DATE('20-12-1983', 'DD-MM-YYYY'), 1, 'http://st.kp.yandex.net/images/actor_iphone/iphone360_581340.jpg');
INSERT INTO actor(id, name, birth_date, birth_country, photo)
		VALUES(7, 'Джейден Смит', TO_DATE('08-07-1998', 'DD-MM-YYYY'), 1, 'http://st.kp.yandex.net/images/actor_iphone/iphone360_906113.jpg');
INSERT INTO actor(id, name, birth_date, birth_country, photo)
		VALUES(8, 'Кейт Уинслет', TO_DATE('05-10-1975', 'DD-MM-YYYY'), 7, 'http://st.kp.yandex.net/images/actor_iphone/iphone360_21709.jpg');
INSERT INTO actor(id, name, birth_date, birth_country, photo)
		VALUES(9, 'Джозеф Гордон-Левитт', TO_DATE('17-02-1981', 'DD-MM-YYYY'), 1, 'http://st.kp.yandex.net/images/actor_iphone/iphone360_9867.jpg');
INSERT INTO actor(id, name, birth_date, birth_country, photo)
		VALUES(10, 'Том Хэнкс', TO_DATE('09-07-1956', 'DD-MM-YYYY'), 1, 'http://st.kp.yandex.net/images/actor_iphone/iphone360_9144.jpg');
INSERT INTO actor(id, name, birth_date, birth_country, photo)
		VALUES(11, 'Мэтт Деймон', TO_DATE('08-10-1970', 'DD-MM-YYYY'), 1, 'http://st.kp.yandex.net/images/actor_iphone/iphone360_6458.jpg');
INSERT INTO actor(id, name, birth_date, birth_country, photo)
		VALUES(12, 'Рассел Кроу', TO_DATE('07-04-1964', 'DD-MM-YYYY'), 10, 'http://st.kp.yandex.net/images/actor_iphone/iphone360_10019.jpg');
INSERT INTO actor(id, name, birth_date, birth_country, photo)
		VALUES(13, 'Марк Руффало', TO_DATE('12-11-1967', 'DD-MM-YYYY'), 1, 'http://st.kp.yandex.net/images/actor_iphone/iphone360_10467.jpg');
INSERT INTO actor(id, name, birth_date, birth_country, photo)
		VALUES(14, 'Джефф Голдблюм', TO_DATE('22-10-1952', 'DD-MM-YYYY'), 1, 'http://st.kp.yandex.net/images/actor_iphone/iphone360_1396.jpg');
INSERT INTO actor(id, name, birth_date, birth_country, photo)
		VALUES(15, 'Томми Ли Джонс', TO_DATE('15-09-1946', 'DD-MM-YYYY'), 1, 'http://st.kp.yandex.net/images/actor_iphone/iphone360_7163.jpg');
INSERT INTO actor(id, name, birth_date, birth_country, photo)
		VALUES(16, 'Розарио Доусон', TO_DATE('09-05-1979', 'DD-MM-YYYY'), 1, 'http://st.kp.yandex.net/images/actor_iphone/iphone360_2256.jpg');
		
INSERT INTO genre (name, description)
		VALUES('фантастика', 'Жанр и творческий метод в художественной литературе, кино, изобразительном и других формах искусства, характеризуемый использованием фантастического допущения, «элемента необычайного», нарушением границ реальности, принятых условностей');
INSERT INTO genre (name, description)
		VALUES('триллер', 'Жанр произведений литературы и кино, нацеленный вызвать у зрителя или читателя чувства тревожного ожидания, волнения или страха');
INSERT INTO genre (name, description)
		VALUES('драма', 'Один из основных жанров, видов литературы, изображающий жизнь человека в его остроконфликтных, но, в отличие от трагедии, не безысходных отношениях с обществом или с самим собой');
INSERT INTO genre (name, description)
		VALUES('боевик', 'Жанр кинематографа, в котором основное внимание уделяется насилию: перестрелкам, дракам, погоням и т. п.');
INSERT INTO genre (name, description)
		VALUES('комедия', 'Жанр художественного произведения, характеризующийся юмористическим или сатирическим подходом, а также вид драмы, в котором специфически разрешается момент действенного конфликта или борьбы антагонистичных персонажей');
INSERT INTO genre (name, description)
		VALUES('криминал', 'Неизвестный жанр');
INSERT INTO genre (name, description)
		VALUES('приключения', 'Жанр кино, соответствующий приключенческому роману в литературе');
INSERT INTO genre (name, description)
		VALUES('вестерн', 'Жанр искусства, характерный для США, включает кинематограф, телевидение, литературу, живопись и другие изобразительные искусства. Действие в вестернах в основном происходит во второй половине XIX века на Диком Западе — будущих западных штатах США, но также и в Западной Канаде и в Мексике.');
INSERT INTO genre (name, description)
		VALUES('мелодрама', 'Жанр художественной литературы, театрального искусства и кинематографа, произведения которого раскрывают духовный и чувственный мир героев в особенно ярких эмоциональных обстоятельствах на основе контрастов: добро и зло, любовь и ненависть и т. п.');	

INSERT INTO award(id, name, year, location)
		VALUES(1, 'Оскар', 1997, 'Лос-Анджелес');
INSERT INTO award(id, name, year, location)
		VALUES(2, 'Оскар', 1998, 'Лос-Анджелес');
INSERT INTO award(id, name, year, location)
		VALUES(3, 'Оскар', 2003, 'Лос-Анджелес');
INSERT INTO award(id, name, year, location)
		VALUES(4, 'Оскар', 2007, 'Лос-Анджелес');
INSERT INTO award(id, name, year, location)
		VALUES(5, 'Оскар', 2008, 'Лос-Анджелес');
INSERT INTO award(id, name, year, location)
		VALUES(6, 'Оскар', 2009, 'Лос-Анджелес');
INSERT INTO award(id, name, year, location)
		VALUES(7, 'Оскар', 2011, 'Лос-Анджелес');
INSERT INTO award(id, name, year, location)
		VALUES(8, 'Оскар', 2013, 'Лос-Анджелес');
INSERT INTO award(id, name, year, location)
		VALUES(9, 'Оскар', 2014, 'Лос-Анджелес');
INSERT INTO award(id, name, year, location)
		VALUES(10, 'Золотой глобус', 1997, 'Лос-Анджелес');
INSERT INTO award(id, name, year, location)
		VALUES(11, 'Золотой глобус', 1998, 'Лос-Анджелес');
INSERT INTO award(id, name, year, location)
		VALUES(12, 'Золотой глобус', 2003, 'Лос-Анджелес');
INSERT INTO award(id, name, year, location)
		VALUES(13, 'Золотой глобус', 2007, 'Лос-Анджелес');
INSERT INTO award(id, name, year, location)
		VALUES(14, 'Золотой глобус', 2008, 'Лос-Анджелес');
INSERT INTO award(id, name, year, location)
		VALUES(15, 'Золотой глобус', 2009, 'Лос-Анджелес');
INSERT INTO award(id, name, year, location)
		VALUES(16, 'Золотой глобус', 2011, 'Лос-Анджелес');
INSERT INTO award(id, name, year, location)
		VALUES(17, 'Золотой глобус', 2013, 'Лос-Анджелес');
INSERT INTO award(id, name, year, location)
		VALUES(18, 'Золотой глобус', 2014, 'Лос-Анджелес');
INSERT INTO award(id, name, year, location)
		VALUES(19, 'Золотая малина', 2014, 'Лос-Анджелес');

INSERT INTO nomination(id, award_id, name)
		VALUES(1, 1, 'Лучший фильм');
INSERT INTO nomination(id, award_id, name)
		VALUES(2, 1, 'Лучшая музыка');
INSERT INTO nomination(id, award_id, name)
		VALUES(3, 1, 'Лучший сценарий');
INSERT INTO nomination(id, award_id, name)
		VALUES(4, 2, 'Лучший фильм');
INSERT INTO nomination(id, award_id, name)
		VALUES(5, 2, 'Лучшая музыка');
INSERT INTO nomination(id, award_id, name)
		VALUES(6, 2, 'Лучший сценарий');		
INSERT INTO nomination(id, award_id, name)
		VALUES(7, 3, 'Лучший фильм');
INSERT INTO nomination(id, award_id, name)
		VALUES(8, 3, 'Лучшая музыка');
INSERT INTO nomination(id, award_id, name)
		VALUES(9, 3, 'Лучший сценарий');		
INSERT INTO nomination(id, award_id, name)
		VALUES(10, 4, 'Лучший фильм');
INSERT INTO nomination(id, award_id, name)
		VALUES(11, 4, 'Лучшая музыка');
INSERT INTO nomination(id, award_id, name)
		VALUES(12, 4, 'Лучший сценарий');		
INSERT INTO nomination(id, award_id, name)
		VALUES(13, 5, 'Лучший фильм');
INSERT INTO nomination(id, award_id, name)
		VALUES(14, 5, 'Лучшая музыка');
INSERT INTO nomination(id, award_id, name)
		VALUES(15, 5, 'Лучший сценарий');		
INSERT INTO nomination(id, award_id, name)
		VALUES(16, 6, 'Лучший фильм');
INSERT INTO nomination(id, award_id, name)
		VALUES(17, 6, 'Лучшая музыка');
INSERT INTO nomination(id, award_id, name)
		VALUES(18, 6, 'Лучший сценарий');		
INSERT INTO nomination(id, award_id, name)
		VALUES(19, 7, 'Лучший фильм');
INSERT INTO nomination(id, award_id, name)
		VALUES(20, 7, 'Лучшая музыка');
INSERT INTO nomination(id, award_id, name)
		VALUES(21, 7, 'Лучший сценарий');		
INSERT INTO nomination(id, award_id, name)
		VALUES(22, 8, 'Лучший фильм');
INSERT INTO nomination(id, award_id, name)
		VALUES(23, 8, 'Лучшая музыка');
INSERT INTO nomination(id, award_id, name)
		VALUES(24, 8, 'Лучший сценарий');		
INSERT INTO nomination(id, award_id, name)
		VALUES(25, 9, 'Лучший фильм');
INSERT INTO nomination(id, award_id, name)
		VALUES(26, 9, 'Лучшая музыка');
INSERT INTO nomination(id, award_id, name)
		VALUES(27, 9, 'Лучший сценарий');		
INSERT INTO nomination(id, award_id, name)
		VALUES(28, 10, 'Лучший фильм');
INSERT INTO nomination(id, award_id, name)
		VALUES(29, 10, 'Лучшая музыка');
INSERT INTO nomination(id, award_id, name)
		VALUES(30, 10, 'Лучший сценарий');		
INSERT INTO nomination(id, award_id, name)
		VALUES(31, 11, 'Лучший фильм');
INSERT INTO nomination(id, award_id, name)
		VALUES(32, 11, 'Лучшая музыка');
INSERT INTO nomination(id, award_id, name)
		VALUES(33, 11, 'Лучший сценарий');		
INSERT INTO nomination(id, award_id, name)
		VALUES(34, 12, 'Лучший фильм');
INSERT INTO nomination(id, award_id, name)
		VALUES(35, 12, 'Лучшая музыка');
INSERT INTO nomination(id, award_id, name)
		VALUES(36, 12, 'Лучший сценарий');		
INSERT INTO nomination(id, award_id, name)
		VALUES(37, 13, 'Лучший фильм');
INSERT INTO nomination(id, award_id, name)
		VALUES(38, 13, 'Лучшая музыка');
INSERT INTO nomination(id, award_id, name)
		VALUES(39, 13, 'Лучший сценарий');		
INSERT INTO nomination(id, award_id, name)
		VALUES(40, 14, 'Лучший фильм');
INSERT INTO nomination(id, award_id, name)
		VALUES(41, 14, 'Лучшая музыка');
INSERT INTO nomination(id, award_id, name)
		VALUES(42, 14, 'Лучший сценарий');		
INSERT INTO nomination(id, award_id, name)
		VALUES(43, 15, 'Лучший фильм');
INSERT INTO nomination(id, award_id, name)
		VALUES(44, 15, 'Лучшая музыка');
INSERT INTO nomination(id, award_id, name)
		VALUES(45, 15, 'Лучший сценарий');		
INSERT INTO nomination(id, award_id, name)
		VALUES(46, 16, 'Лучший фильм');
INSERT INTO nomination(id, award_id, name)
		VALUES(47, 16, 'Лучшая музыка');
INSERT INTO nomination(id, award_id, name)
		VALUES(48, 16, 'Лучший сценарий');		
INSERT INTO nomination(id, award_id, name)
		VALUES(49, 17, 'Лучший фильм');
INSERT INTO nomination(id, award_id, name)
		VALUES(50, 17, 'Лучшая музыка');
INSERT INTO nomination(id, award_id, name)
		VALUES(51, 17, 'Лучший сценарий');		
INSERT INTO nomination(id, award_id, name)
		VALUES(52, 18, 'Лучший фильм');
INSERT INTO nomination(id, award_id, name)
		VALUES(53, 18, 'Лучшая музыка');
INSERT INTO nomination(id, award_id, name)
		VALUES(54, 18, 'Лучший сценарий');		
INSERT INTO nomination(id, award_id, name)
		VALUES(55, 19, 'Худший фильм');		
		
INSERT INTO users(id, login, password, birth_date, registration_date, name)
		VALUES(1, 'vasya', '*****', TO_DATE('08-07-1998', 'DD-MM-YYYY'), TO_DATE('08-07-2012', 'DD-MM-YYYY'), 'Иван Алименков');
INSERT INTO users(id, login, password, birth_date, registration_date, name)
		VALUES(2, 'alena', '*****', TO_DATE('26-04-1968', 'DD-MM-YYYY'), TO_DATE('19-09-2008', 'DD-MM-YYYY'), 'Алена Немчинова');
INSERT INTO users(id, login, password, birth_date, registration_date, name)
		VALUES(3, '}|{enya', '*****', TO_DATE('11-11-1939', 'DD-MM-YYYY'), TO_DATE('08-10-2008', 'DD-MM-YYYY'), 'Евгений Плющенко');		
		
INSERT INTO rate(movie_id, user_id, rating)
		VALUES(1,1,8);
INSERT INTO rate(movie_id, user_id, rating)
		VALUES(1,3,6);
INSERT INTO rate(movie_id, user_id, rating)
		VALUES(2,1,4);
INSERT INTO rate(movie_id, user_id, rating)
		VALUES(2,2,7);
INSERT INTO rate(movie_id, user_id, rating)
		VALUES(2,3,7);
INSERT INTO rate(movie_id, user_id, rating)
		VALUES(3,2,9);
INSERT INTO rate(movie_id, user_id, rating)
		VALUES(3,3,3);
INSERT INTO rate(movie_id, user_id, rating)
		VALUES(4,1,6);
INSERT INTO rate(movie_id, user_id, rating)
		VALUES(4,2,8);
INSERT INTO rate(movie_id, user_id, rating)
		VALUES(4,3,4);
INSERT INTO rate(movie_id, user_id, rating)
		VALUES(5,1,2);
INSERT INTO rate(movie_id, user_id, rating)
		VALUES(5,2,7);
INSERT INTO rate(movie_id, user_id, rating)
		VALUES(5,3,10);		
INSERT INTO rate(movie_id, user_id, rating)
		VALUES(6,1,8);
INSERT INTO rate(movie_id, user_id, rating)
		VALUES(6,2,8);
INSERT INTO rate(movie_id, user_id, rating)
		VALUES(6,3,5);
INSERT INTO rate(movie_id, user_id, rating)
		VALUES(7,1,8);
INSERT INTO rate(movie_id, user_id, rating)
		VALUES(7,2,9);
INSERT INTO rate(movie_id, user_id, rating)
		VALUES(8,1,1);
INSERT INTO rate(movie_id, user_id, rating)
		VALUES(8,2,8);
INSERT INTO rate(movie_id, user_id, rating)
		VALUES(8,3,6);
INSERT INTO rate(movie_id, user_id, rating)
		VALUES(9,1,9);
INSERT INTO rate(movie_id, user_id, rating)
		VALUES(9,2,9);
INSERT INTO rate(movie_id, user_id, rating)
		VALUES(9,3,10);
INSERT INTO rate(movie_id, user_id, rating)
		VALUES(10,1,6);
INSERT INTO rate(movie_id, user_id, rating)
		VALUES(10,3,4);
INSERT INTO rate(movie_id, user_id, rating)
		VALUES(11,1,7);
INSERT INTO rate(movie_id, user_id, rating)
		VALUES(11,2,7);
INSERT INTO rate(movie_id, user_id, rating)
		VALUES(12,3,9);
INSERT INTO rate(movie_id, user_id, rating)
		VALUES(12,1,4);
INSERT INTO rate(movie_id, user_id, rating)
		VALUES(12,2,3);
INSERT INTO rate(movie_id, user_id, rating)
		VALUES(13,3,8);
INSERT INTO rate(movie_id, user_id, rating)
		VALUES(13,1,1);
INSERT INTO rate(movie_id, user_id, rating)
		VALUES(13,2,10);
INSERT INTO rate(movie_id, user_id, rating)
		VALUES(14,3,8);
INSERT INTO rate(movie_id, user_id, rating)
		VALUES(14,1,7);
INSERT INTO rate(movie_id, user_id, rating)
		VALUES(14,2,7);
INSERT INTO rate(movie_id, user_id, rating)
		VALUES(15,3,4);
INSERT INTO rate(movie_id, user_id, rating)
		VALUES(15,2,7);
INSERT INTO rate(movie_id, user_id, rating)
		VALUES(16,3,8);
INSERT INTO rate(movie_id, user_id, rating)
		VALUES(16,1,6);
INSERT INTO rate(movie_id, user_id, rating)
		VALUES(16,2,5);		
		
INSERT INTO character(movie_id, actor_id, char_name, description)
		VALUES(1,1,'Роберт Нэвилл', 'Роберт Невилл — подполковник медицинской службы американской армии, живёт в постапокалиптическом Нью-Йорке, занимаясь патрулированием улиц города, собиранием припасов из пустых зданий, охотой на оленей, огородничеством и медицинскими экспериментами');
INSERT INTO character(movie_id, actor_id, char_name, description)
		VALUES(4,1,'Сайфер Рейдж', 'Генерал Сайфер Рейдж, убийца урсов и легенда среди рейнджеров. Ветеран множества битв он забыл, что такое страх, а заодно подрастерял и обычные человеческие эмоции');
INSERT INTO character(movie_id, actor_id, char_name, description)
		VALUES(11,1,'Джон Хэнкок', 'Известный житель Лос-Анджелеса Джон Хэнкок имеет необыкновенную силу, способность летать и неуязвимость к ранениям. Своими способностями он пользуется, спасая жизни людей и ловя преступников. Однако делает это он весьма грубо, нередко разрушая дома, дороги и нанося прочий многомиллионный ущерб городу. При этом он крепко выпивает и огрызается на недовольных его выходками людей.');
INSERT INTO character(movie_id, actor_id, char_name, description)
		VALUES(12,1,'Капитан Стивен Хиллер', 'Капитан ВВС США, мечтающий попасть в элитную космическую программу НАСА, но готовый пожертвовать этой возможностью ради брака со стриптизершей.');
INSERT INTO character(movie_id, actor_id, char_name, description)
		VALUES(13,1,'Джей', 'Бывший полицейский, обожающий спортивные костюмы. Отличный агент, хотя не всегда действует обдуманно, компенсирует это своим везением.');
INSERT INTO character(movie_id, actor_id, char_name, description)
		VALUES(14,1,'Джей', 'Бывший полицейский, обожающий спортивные костюмы. Отличный агент, хотя не всегда действует обдуманно, компенсирует это своим везением.');
INSERT INTO character(movie_id, actor_id, char_name, description)
		VALUES(15,1,'Джей', 'Бывший полицейский, обожающий спортивные костюмы. Отличный агент, хотя не всегда действует обдуманно, компенсирует это своим везением.');
INSERT INTO character(movie_id, actor_id, char_name, description)
		VALUES(16,1,'Бэн', 'Инспектор налоговой ­службы');
INSERT INTO character(movie_id, actor_id, char_name, description)
		VALUES(11,2,'Мэри', 'Жена Рэем Эмбри');
INSERT INTO character(movie_id, actor_id, char_name, description)
		VALUES(1,3,'Анна', 'Спасшая Роберта девушка, которая вместе со своим ребёнком Итаном направлялась в колонию выживших');
INSERT INTO character(movie_id, actor_id, char_name, description)
		VALUES(2,4,'Джанго', 'Освобожденный раб');
INSERT INTO character(movie_id, actor_id, char_name, description)
		VALUES(2,5,'Кэлвин Кэнди', 'Плантатор, рабовладелец, он жесток, богат, но он таков, потому что не знает другого пути – его дед и отец были такими же');
INSERT INTO character(movie_id, actor_id, char_name, description)
		VALUES(3,5,'Джордан Бэлфорд', 'Талантливый человек, его талант проявлялся практически во всем, но больше всего ему повезло в предпринимательстве, а именно в брокерстве');
INSERT INTO character(movie_id, actor_id, char_name, description)
		VALUES(5,5,'Джек Доусон', 'Был бродягой и художником, который выиграл в покер билеты на лайнер «Титаник». Он был романтиком и считал что главное в жизни - это свобода, путешествия и познание нового.');
INSERT INTO character(movie_id, actor_id, char_name, description)
		VALUES(6,5,'Кобб', 'Извлекатель. Человек, специализирующийся на охране подсознания, но способный красть идеи для своих целей');
INSERT INTO character(movie_id, actor_id, char_name, description)
		VALUES(7,5,'Фрэнк Эбигнейл Мл.', 'Один из самых дерзких и неуловимейших мошенников, фальшивомонетчиков и аферистов в истории');
INSERT INTO character(movie_id, actor_id, char_name, description)
		VALUES(8,5,'Билли', 'Полицейский из Массачусетса, внедрённый в преступную группировку Фрэнка Костелло. Окончил полицейскую академию параллельно с Колином Салливаном. По характеру Костиган очень вспыльчив, но очень отзывчив — всегда с пониманием относится к окружающим.');
INSERT INTO character(movie_id, actor_id, char_name, description)
		VALUES(9,5,'Роджер Фэррис', 'Является агентом национальной разведки, он перемещается по всему свету, пытаясь предотвратить любые нежелательные события');
INSERT INTO character(movie_id, actor_id, char_name, description)
		VALUES(10,5,'Тедди Дэниэлс', 'Бывший маршал, он свихнулся, когда лишился в один день своих детей и жены. ');
INSERT INTO character(movie_id, actor_id, char_name, description)
		VALUES(3,6,'Донни Азофф', 'Торговец, финансовый партнёр Джордана');
INSERT INTO character(movie_id, actor_id, char_name, description)
		VALUES(4,7,'Китай Рейдж', 'Житель планеты Нова-Прайм');
INSERT INTO character(movie_id, actor_id, char_name, description)
		VALUES(5,8,'Роуз Девит Букатер', NULL);
INSERT INTO character(movie_id, actor_id, char_name, description)
		VALUES(6,9,'Артур', 'Проводник. Отвечает за детали операции');
INSERT INTO character(movie_id, actor_id, char_name, description)
		VALUES(7,10,'Карл Хэнерти','');
INSERT INTO character(movie_id, actor_id, char_name, description)
		VALUES(8,11,'Колин Саливан', 'Ирландский мафиози, внедрённый в полицию по указанию главы ирландской преступной группировки Фрэнка Костелло');
INSERT INTO character(movie_id, actor_id, char_name, description)
		VALUES(9,12,'Эд Хоффман', 'Глава ближневосточного бюро');
INSERT INTO character(movie_id, actor_id, char_name, description)
		VALUES(10,13,'Чак Аул', 'Судебный пристав');
INSERT INTO character(movie_id, actor_id, char_name, description)
		VALUES(12,14,'Дэвид Левинсон', 'Проучившись восемь лет в университете, занимается системами связи');
INSERT INTO character(movie_id, actor_id, char_name, description)
		VALUES(13,15,'Кей', 'Легендарный сотрудник ЛВЧ, участвующий в делах организации с момента её создания…');
INSERT INTO character(movie_id, actor_id, char_name, description)
		VALUES(14,15,'Кей', 'Легендарный сотрудник ЛВЧ, участвующий в делах организации с момента её создания…');
INSERT INTO character(movie_id, actor_id, char_name, description)
		VALUES(15,15,'Кей', 'Легендарный сотрудник ЛВЧ, участвующий в делах организации с момента её создания…');
INSERT INTO character(movie_id, actor_id, char_name, description)
		VALUES(16,16,'Эмиили Поуз', 'Девушкой с подбитыми крыльями, которая скоро умрет');

INSERT INTO review(review_id, movie_id, user_id, review_date, rating, text)
		VALUES(1, 1, 1, TO_DATE('09-11-2012', 'DD-MM-YYYY'), 'положительный', 'Сюжет этого фильма вряд ли можно назвать очень оригинальным. На тему постапокалипсиса уже снято много картин, но, ни одна из них (насколько мне известно) не затрагивала одно из самых страшных человеческих чувств — одиночество. Роберт Невилл — единственный, кто остался в живых после пронесшийся над миром эпидемии. Но, несмотря на это он пытается жить так, как прежде: берет «напрокат» диски, занимается спортом, играет в гольф, пытается общаться со своим единственным другом овчаркой по кличке Саманта и даже с… манекенами! (Однако «общение» Роберта с манекенами только поначалу кажется забавным, весь ужас происходящего осознается позже). Так кто же такой Роберт Невилл? Герой? Человек, потерявший все? Военный ученый, борющийся за свое существование? Я боюсь, что на это вопрос не найти однозначного ответа. Кажется, что он уже потерял надежду найти людей, также как и он имеющие иммунитет к вирусу доктора Элис Криппин, однако частичка этой надежды всегда таилась глубоко внутри: «Меня зовут Роберт Невилл. Я единственный выживший оставшийся в Нью-Йорке. Я выхожу в эфир на средних волнах. Я приезжаю в южный морской порт каждый день, в полдень, когда солнце стоит в зените. Если еще есть кто-то живой, если кто-то выжил… Я могу дать Вам еду, предоставить убежище, обеспечить безопасность. Если меня кто-нибудь слышит, кто-нибудь… Отзовитесь. Вы не одиноки». При просмотре этой картины, ты являешься третьим невидимым героем, всецело и без остатка отдаваясь ей… Сопереживать и сострадать — вот какие чувства испытываешь.Уилл Смит лишний раз доказал, что может играть не только в боевиках и комедиях, но и в серьезных драматических картинах. Что же касается режиссуры Френсиса Лоуренса, то она тоже не подвела — драматизм картины, пейзажи опустевшего и разрушенного Манхэттена просто завораживают. Музыка — нет слов! Моего словарного запаса явно не хватает, чтобы описать ее… А вот спецэффекты немного подкачали — животные (львы и зомбиподобные собаки) выглядят неестественно. Но, несмотря на это фильм превосходный.');
INSERT INTO review(review_id, movie_id, user_id, review_date, rating, text)
		VALUES(2, 3, 3, TO_DATE('08-07-2012', 'DD-MM-YYYY'), 'положительный', 'Многое слышала об этом фильме до его просмотра. И то, что он переоценен, и то что слишком много порнухи да чернухи, и про шикарную игру ДиКаприо. Трейлер же упорно создавал ощущение, что это еще один типичный фильм-история успеха: из грязи в князи — успех — разврат — падение — Мораль. Еще одно яркое и поучительное кино, но сколько уже можно. Так вот нет. Этот фильм действительно нечто выдающееся. Его нужно смотреть. Это один из лучших фильмов за последние лет 10. Он умный, он тонкий. Жесткий. Зрелищный. Вызывает искренние смех и отвращение одновременно. Так о чем же нам кричит Волк с Уолл-стрит? Да о том, что жадность — это главная движущая сила общества. О том, что человеку всегда мало. И по достижении вершины все равно невозможно остановиться, гонка продолжается и приобретает невиданный масштаб. О том, кому проще всего стать успешным в мире бизнеса — тупому подонку. Потому что у него нет совести и принципов, а значит и тормозов. Потому что именно он знает, чем привлечь еще более глупых подонков, на какой крючок их поймать. А также, что, столь любимой в голливуде и сказках, расплаты, раскаяния и покаяния — для подонка не наступает. Настоящий герой бизнеса всегда сумеет заключить выгодную сделку. Он не даст никому, насколько это в его силах, замутить сияние его прекрасной, блестящей жизни. Нет, конечно, иногда случаются осечки. Но! они связаны в общем-то с теми случаями, когда герой пытается жить в несвойственной ему манере — например, заигрывается в свой образ настолько, что на какое-то время начинает сам в него верить. И категорически ни с чем «своим» не может расстаться, как бульдог не может разжать своих челюстей. Тоже весьма характерная особенность. И это далеко не все полезные наблюдения и размышления, которые можно поиметь с этого фильма. Ну и Да! Шикарные съемки, ослепительная игра всех актеров, ДиКаприо — Оскара!');
INSERT INTO review(review_id, movie_id, user_id, review_date, rating, text)
		VALUES(3, 5, 2, TO_DATE('09-01-2013', 'DD-MM-YYYY'), 'нейтральный', '«Титаник» для меня — больше, чем фильм. Легенда, история… мое детство. Тогда, в 1998 году, когда он вышел в России на тогда еще видеокассетах, мне было двенадцать. Мама купила кино, и началось… При первом просмотре рыдала так, что родители спрятали кассету. Потом смотрела еще, и еще, и еще, я знала в этом фильме каждый кадр, каждое слово, могла предугадать каждый взгляд и каждое движение. Ну и, конечно, не обошлось без постеров Леонардо ди Каприо на стенах комнаты, но это уже совсем другая история… Снова я посмотрела фильм в прошлом году, уже будучи совсем взрослой девочкой. И знаете… Когда начала смотреть, я не воспринимала происходящее на экране как кино. Скорее было такое ощущение странное… как будто после долгого отстутствия возвращаешься домой, а там — все до боли родное и знакомое, родные запахи, цвета… Я смотрела «Титаник», а вспоминала себя — десять лет назад. Незабываемые ощущения… Странные и прекрасные.  И пусть все изменилось, и я выросла, и вышло много новых прекрасных фильмов, и Кейт Уинслет мне сегодня нравится гораздо больше, чем Леонардо… но «Титаник» навсегда останется для меня любимым фильмом, в котором невозможно, да и не нужно искать недостатки, как не нужно искать их в своем детстве. Великолепное кино, потрясающая атмосфера другого места, другого времени… и пробирающая до костей история любви, которая живет только в памяти женщины. И Джек, наверное, до сих пор жив, спустя немыслимо огромное количество лет, раз Роуз его помнит… И последняя сцена, конечно же, самая любимая… потому что веришь в то, что где-то они соединились, молодые, влюбленные, прекрасные… «Титаник» стал частью моей жизни… А жизнь невозможно оценивать. Ее нужно проживать, ее можно ругать, но самое главное — ею нужно наслаждаться…');
INSERT INTO review(review_id, movie_id, user_id, review_date, rating, text)
		VALUES(4, 7, 2, TO_DATE('19-11-2011', 'DD-MM-YYYY'), 'отрицательный', 'Посмотрев этот фильм, я огорчился. Огорчился и понял — американцы никогда не перестанут снимать и любить «бессмысленные догонялки» и фильмы основанные на реальной истории, даже если от реальной истории там, мало что осталось. Они будут продолжать высоко ценить фильмы от великих режиссеров, с хорошими актерами, но при этом с провисающим сюжетом, вялой игрой этих любимых актеров и нудной, намекающей на регресс великого творца, режиссурой.  Большинство моих надежд на хорошее впечатление от фильма были уничтожены. Размазанный, местами нелепый и неправдоподобный сюжет, был интересен некоторыми элементами, но большую часть экранного времени, промучал меня, банальностью и предсказуемостью происходящего.  Ужасная игра хороших актеров, еще больше удручила: обычно «живой» ДиКаприо здесь выглядел абсолютно неубедительным деревянным болванчиком, выдающим свои фразы невпопад и почти без эмоций; Хэнкс как-будто засыпал по ходу фильма, изредка вспоминая, что нужно не просто строить из себя серьзного агента ФБР и перодически вести себя очень мило, умиляя домохозяек, а по-настоящему играть. Из того, что порадовало в фильме, это — операторская работа и игра Кристофера Уокена, вот, кто выложился полностью для своей роли.');
INSERT INTO review(review_id, movie_id, user_id, review_date, rating, text)
		VALUES(5, 11, 3, TO_DATE('01-01-2014', 'DD-MM-YYYY'), 'положительный', 'Совсем недавно пересмотрел этот фильм. Даже при повторном просмотре захватывает с первых кадров. Что сказать? первая половина фильма бьёт по зубам устоявшимся стереотипам о супер героях. Показывая их жизнь не с романтической стороны, как это было в комиксах, а без всяких прикрас. Фантазия на тему, если бы такой герой действительно существовал в современном обществе. И стоит отметить, что общество действительно показано таким, какое оно есть. И Хэнкок сам стал подобен людям, которые его окружают. Тем более, если учитывать, что он живёт вечно, видя всю грязь, всю злобу, что наполняют людей, можно понять, почему он стал таким. Первая половина фильма показывает именно такого героя, какой сейчас нужен: Циничного, резкого, прямолинейного. Добрый герой просто не сможет тянуть на себе весь людской сволочизм. Но вот вторая половина фильма возвращает Хэнкока на «Путь истинный». Он учится быть более уважительным к другим людям и их имуществу. Очень показательна сцена со спасением девушки-полицейской, находящейся под обстрелом преступников. Это такая тонкая ирония, если бы все всё делали по инструкции да по обоюдному согласию.  Этот фильм является очень ироничным отображением современного общества. В качестве вывода к этому фильму можно сказать, что общество делает человека таким, какой он есть.');
INSERT INTO review(review_id, movie_id, user_id, review_date, rating, text)
		VALUES(6, 15, 2, TO_DATE('30-10-2013', 'DD-MM-YYYY'), 'отрицательный', 'Не удивляйтесь заголовку рецензии — слово «хрень» употребляется в этом фильме не один раз. Этим словом называются и прибор для перемещения во времени, и плоскоцикл (для нуждающихся в пояснении — плоский мотоцикл) и кусок спасительного пирога. Вообще с переводом данной кинокартины дела обстоят весьма печально. Возможно во всём и виноват неграмотный, безобразный перевод… а возможно и нет. Не так давно в воздухе витали слухи, что Уилл Смит приложил свою талантливую руку к замыслу «Людей в черном 3», мол, хочу продолжения! Снимаем! Сюжет предельно ясен уже из трейлера. Однако, трейлеры зачастую получаются на порядок качественнее самого фильма. А это, мягко говоря, не правильно.  Что о сюжете? Агент J должен спасти своего напарника агента К, а заодно и планету от вторжения нелицеприятных инопланетян. В это предложение пытаются втиснуться прыжки во времени, служебные романы и бисквитные торты с необычным содержимым. Если Вы любите торты, то на первых пяти минутах фильма советую закрывать глаза. Конечно, можно в сотый раз сетовать на то, что изюм в сценариях пропал, что все они похожи друг на друга, как шпроты в баночке (кто-то больше, кто-то меньше, а кто-то без хвоста или глаза). Но если нет порядочного сценария, зачем тогда вообще снимать продолжение? Вопрос чисто риторический и не требует ответа.  Из главного минуса, сюжета, вытекают остальные:  • отвратительные, рвотовызывающие кадры в начале фильма;  • лишние, по большей части глупые, диалоги;  • юмор. Если бы не смех У. Смита, было бы не над чем смеяться! Его харизма и обаяние заставляют беззаботно хихикать, когда агент J улыбается в кадре. Остальные шутки наводят на грустные мысли о деградации современного кино.  Я предполагаю, что рассвет продолжений известных кинолент ещё впереди и что, ставшие уже нормой высосанные из пальца сценарии уйдут с пьедестала, уступив дорогу оригинальным захватывающим сюжетам, но, боюсь, что такое предположение грешит излишним оптимизмом.');
INSERT INTO review(review_id, movie_id, user_id, review_date, rating, text)
		VALUES(7, 16, 1, TO_DATE('11-12-2012', 'DD-MM-YYYY'), 'нейтральный', 'Фильм в целом понравился. Если не брать во внимание множество медицинских несуразностей (сам врач, поэтому немного «режут» глаза), то претензий к фильму нет. Интересный и нетривиальный сюжет, отличная актерская игра, хороший сценарий… но. В большинство отзывов пишут о самоотверженности, доброте, искуплении главного героя. Честно говоря, для меня его образ сложился по-другому. Кроме случая с сердцем, когда он действительно пожертвовал жизнью, в фильме я не увидел идеи самопожертвования. Я увидел лишь желание главного героя умереть и только умереть. Его завещание органов достойным людям, передача дома — это все вторично. Человек с редкой группой крови — он мог спасти в десятки раз больше людей, сдавая свою кровь, служа донором костного мозга. Искупить свою вину он мог работая и помогая в хосписе, приюте и т. д. Но он решил умереть… умереть с максимальной пользой для окружающих, но умереть. И если бы у его девушки был реальный шанс найти донора, то он бы остался жить. Где здесь самопожертвование и искупление? Один из классиков сказал, что «гораздо легче один раз умереть за друга, чем ежедневно жертвовать, посвящать» ему часть жизни. Поэтому главный герой вызывает у меня уважение своим поступком, но ни капли жалости и восхищения. По-моему, режиссер хотел донести до зрителя немного другую идею.');
		
INSERT INTO MovieNominationConnector(movie_id, nomination_id, status)
		VALUES(1, 5, 'лауреат');
INSERT INTO MovieNominationConnector(movie_id, nomination_id, status)
		VALUES(2, 22, 'номинант');
INSERT INTO MovieNominationConnector(movie_id, nomination_id, status)
		VALUES(3, 26, 'номинант');
INSERT INTO MovieNominationConnector(movie_id, nomination_id, status)
		VALUES(4, 55, 'номинант');
INSERT INTO MovieNominationConnector(movie_id, nomination_id, status)
		VALUES(5, 33, 'лауреат');
INSERT INTO MovieNominationConnector(movie_id, nomination_id, status)
		VALUES(6, 46, 'номинант');
INSERT INTO MovieNominationConnector(movie_id, nomination_id, status)
		VALUES(7, 36, 'лауреат');
INSERT INTO MovieNominationConnector(movie_id, nomination_id, status)
		VALUES(8, 10, 'лауреат');
INSERT INTO MovieNominationConnector(movie_id, nomination_id, status)
		VALUES(9, 17, 'лауреат');
INSERT INTO MovieNominationConnector(movie_id, nomination_id, status)
		VALUES(10, 32, 'лауреат');
INSERT INTO MovieNominationConnector(movie_id, nomination_id, status)
		VALUES(11, 27, 'номинант');
INSERT INTO MovieNominationConnector(movie_id, nomination_id, status)
		VALUES(12, 1, 'лауреат');
INSERT INTO MovieNominationConnector(movie_id, nomination_id, status)
		VALUES(13, 31, 'номинант');
INSERT INTO MovieNominationConnector(movie_id, nomination_id, status)
		VALUES(14, 7, 'номинант');
INSERT INTO MovieNominationConnector(movie_id, nomination_id, status)
		VALUES(15, 22, 'лауреат');
INSERT INTO MovieNominationConnector(movie_id, nomination_id, status)
		VALUES(16, 43, 'номинант');	
	
INSERT INTO MovieDirectorConnector(movie_id, director_id)
		VALUES(3,1);
INSERT INTO MovieDirectorConnector(movie_id, director_id)
		VALUES(8,1);
INSERT INTO MovieDirectorConnector(movie_id, director_id)
		VALUES(10,1);		
INSERT INTO MovieDirectorConnector(movie_id, director_id)
		VALUES(2,2);
INSERT INTO MovieDirectorConnector(movie_id, director_id)
		VALUES(13,3);
INSERT INTO MovieDirectorConnector(movie_id, director_id)
		VALUES(14,3);
INSERT INTO MovieDirectorConnector(movie_id, director_id)
		VALUES(15,3);
INSERT INTO MovieDirectorConnector(movie_id, director_id)
		VALUES(5,4);
INSERT INTO MovieDirectorConnector(movie_id, director_id)
		VALUES(16,5);
INSERT INTO MovieDirectorConnector(movie_id, director_id)
		VALUES(12,6);
INSERT INTO MovieDirectorConnector(movie_id, director_id)
		VALUES(1,7);
INSERT INTO MovieDirectorConnector(movie_id, director_id)
		VALUES(4,8);
INSERT INTO MovieDirectorConnector(movie_id, director_id)
		VALUES(6,9);
INSERT INTO MovieDirectorConnector(movie_id, director_id)
		VALUES(7,10);
INSERT INTO MovieDirectorConnector(movie_id, director_id)
		VALUES(9,11);
INSERT INTO MovieDirectorConnector(movie_id, director_id)
		VALUES(11,12);
		
INSERT INTO MovieGenreConnector(movie_id, genre_id)
		VALUES(1, 'фантастика');
INSERT INTO MovieGenreConnector(movie_id, genre_id)
		VALUES(1, 'триллер');
INSERT INTO MovieGenreConnector(movie_id, genre_id)
		VALUES(2, 'драма');
INSERT INTO MovieGenreConnector(movie_id, genre_id)
		VALUES(2, 'вестерн');
INSERT INTO MovieGenreConnector(movie_id, genre_id)
		VALUES(3, 'драма');
INSERT INTO MovieGenreConnector(movie_id, genre_id)
		VALUES(3, 'комедия');
INSERT INTO MovieGenreConnector(movie_id, genre_id)
		VALUES(4, 'фантастика');
INSERT INTO MovieGenreConnector(movie_id, genre_id)
		VALUES(4, 'приключения');
INSERT INTO MovieGenreConnector(movie_id, genre_id)
		VALUES(5, 'драма');
INSERT INTO MovieGenreConnector(movie_id, genre_id)
		VALUES(5, 'мелодрама');
INSERT INTO MovieGenreConnector(movie_id, genre_id)
		VALUES(6, 'фантастика');
INSERT INTO MovieGenreConnector(movie_id, genre_id)
		VALUES(6, 'боевик');
INSERT INTO MovieGenreConnector(movie_id, genre_id)
		VALUES(7, 'драма');
INSERT INTO MovieGenreConnector(movie_id, genre_id)
		VALUES(7, 'криминал');
INSERT INTO MovieGenreConnector(movie_id, genre_id)
		VALUES(8, 'триллер');
INSERT INTO MovieGenreConnector(movie_id, genre_id)
		VALUES(8, 'драма');
INSERT INTO MovieGenreConnector(movie_id, genre_id)
		VALUES(9, 'боевик');
INSERT INTO MovieGenreConnector(movie_id, genre_id)
		VALUES(9, 'триллер');
INSERT INTO MovieGenreConnector(movie_id, genre_id)
		VALUES(10, 'триллер');
INSERT INTO MovieGenreConnector(movie_id, genre_id)
		VALUES(10, 'драма');
INSERT INTO MovieGenreConnector(movie_id, genre_id)
		VALUES(11, 'фантастика');
INSERT INTO MovieGenreConnector(movie_id, genre_id)
		VALUES(11, 'триллер');
INSERT INTO MovieGenreConnector(movie_id, genre_id)
		VALUES(12, 'фантастика');
INSERT INTO MovieGenreConnector(movie_id, genre_id)
		VALUES(12, 'боевик');
INSERT INTO MovieGenreConnector(movie_id, genre_id)
		VALUES(13, 'фантастика');
INSERT INTO MovieGenreConnector(movie_id, genre_id)
		VALUES(13, 'комедия');
INSERT INTO MovieGenreConnector(movie_id, genre_id)
		VALUES(14, 'фантастика');
INSERT INTO MovieGenreConnector(movie_id, genre_id)
		VALUES(14,  'боевик');
INSERT INTO MovieGenreConnector(movie_id, genre_id)
		VALUES(15, 'фантастика');
INSERT INTO MovieGenreConnector(movie_id, genre_id)
		VALUES(15,  'боевик');
INSERT INTO MovieGenreConnector(movie_id, genre_id)
		VALUES(16, 'драма');
		
INSERT INTO MovieCountryConnector(movie_id, country_id)
		VALUES(1,1);
INSERT INTO MovieCountryConnector(movie_id, country_id)
		VALUES(2,1);
INSERT INTO MovieCountryConnector(movie_id, country_id)
		VALUES(3,1);
INSERT INTO MovieCountryConnector(movie_id, country_id)
		VALUES(4,1);
INSERT INTO MovieCountryConnector(movie_id, country_id)
		VALUES(5,1);
INSERT INTO MovieCountryConnector(movie_id, country_id)
		VALUES(6,7);
INSERT INTO MovieCountryConnector(movie_id, country_id)
		VALUES(6,1);
INSERT INTO MovieCountryConnector(movie_id, country_id)
		VALUES(7,2);
INSERT INTO MovieCountryConnector(movie_id, country_id)
		VALUES(7,1);
INSERT INTO MovieCountryConnector(movie_id, country_id)
		VALUES(8,11);
INSERT INTO MovieCountryConnector(movie_id, country_id)
		VALUES(8,1);
INSERT INTO MovieCountryConnector(movie_id, country_id)
		VALUES(9,7);
INSERT INTO MovieCountryConnector(movie_id, country_id)
		VALUES(9,1);
INSERT INTO MovieCountryConnector(movie_id, country_id)
		VALUES(10,1);
INSERT INTO MovieCountryConnector(movie_id, country_id)
		VALUES(11,1);
INSERT INTO MovieCountryConnector(movie_id, country_id)
		VALUES(12,1);
INSERT INTO MovieCountryConnector(movie_id, country_id)
		VALUES(13,1);
INSERT INTO MovieCountryConnector(movie_id, country_id)
		VALUES(14,1);
INSERT INTO MovieCountryConnector(movie_id, country_id)
		VALUES(15,1);
INSERT INTO MovieCountryConnector(movie_id, country_id)
		VALUES(16,1);